{"cameraMode":{"drawMode":0,"name":"Shaded","section":"Shading Mode"},"sceneLighting":false,"audioPlay":false,"sceneViewState":{"showFog":true,"showMaterialUpdate":false,"showSkybox":false,"showFlares":true,"showImageEffects":true,"showParticleSystems":true},"in2DMode":false,"pivot":{"x":-2.662942886352539,"y":1.7120808362960816,"z":-0.0045302510261535648},"rotation":{"x":0.01798621006309986,"y":-0.0380876362323761,"z":0.0006825085147283971,"w":0.9991449117660523},"size":3.5661675930023195,"orthographic":true}