{"cameraMode":{"drawMode":0,"name":"Shaded","section":"Shading Mode"},"sceneLighting":false,"audioPlay":false,"sceneViewState":{"showFog":true,"showMaterialUpdate":false,"showSkybox":false,"showFlares":true,"showImageEffects":true,"showParticleSystems":true},"in2DMode":false,"pivot":{"x":-2.700000047683716,"y":1.600000023841858,"z":0.0},"rotation":{"x":0.1903877854347229,"y":-0.06680222600698471,"z":0.01298113726079464,"w":0.9793882966041565},"size":20.064550399780275,"orthographic":true}