{"cameraMode":{"drawMode":0,"name":"Shaded","section":"Shading Mode"},"sceneLighting":true,"audioPlay":false,"sceneViewState":{"showFog":true,"showMaterialUpdate":false,"showSkybox":true,"showFlares":true,"showImageEffects":true,"showParticleSystems":true},"in2DMode":false,"pivot":{"x":-1.0395712852478028,"y":-0.542849600315094,"z":1.5889209508895875},"rotation":{"x":-0.15710508823394776,"y":-0.37924283742904665,"z":0.06543044000864029,"w":-0.909631073474884},"size":10.19509506225586,"orthographic":true}