{"cameraMode":{"drawMode":0,"name":"Shaded","section":"Shading Mode"},"sceneLighting":false,"audioPlay":false,"sceneViewState":{"showFog":true,"showMaterialUpdate":false,"showSkybox":false,"showFlares":true,"showImageEffects":true,"showParticleSystems":true},"in2DMode":false,"pivot":{"x":3.4148237705230715,"y":0.058596014976501468,"z":13.267681121826172},"rotation":{"x":-0.0014964292058721185,"y":-0.06894516944885254,"z":-0.00010341796587454155,"w":0.9976192712783814},"size":12.996137619018555,"orthographic":false}