{"cameraMode":{"drawMode":0,"name":"Shaded","section":"Shading Mode"},"sceneLighting":true,"audioPlay":false,"sceneViewState":{"showFog":true,"showMaterialUpdate":false,"showSkybox":true,"showFlares":true,"showImageEffects":true,"showParticleSystems":true},"in2DMode":false,"pivot":{"x":-1.4834651947021485,"y":3.071061611175537,"z":-1.9250993728637696},"rotation":{"x":-0.0014964292058721185,"y":-0.06894516944885254,"z":-0.00010341796587454155,"w":0.9976192712783814},"size":22.705699920654298,"orthographic":false}